{
    "parent": "minecraft:block/oak_planks",
    "overrides": [
        {
            "predicate": {
                "custom_model_data": 1
            },
            "model": "furnitureengine:1x1_tables/oak_table"
        },
        {
            "predicate": {
                "custom_model_data": 2
            },
            "model": "furnitureengine:1x1_tables/spruce_table"
        },
        {
            "predicate": {
                "custom_model_data": 3
            },
            "model": "furnitureengine:1x1_tables/birch_table"
        },
        {
            "predicate": {
                "custom_model_data": 4
            },
            "model": "furnitureengine:1x1_tables/jungle_table"
        },
        {
            "predicate": {
                "custom_model_data": 5
            },
            "model": "furnitureengine:1x1_tables/acacia_table"
        },
        {
            "predicate": {
                "custom_model_data": 6
            },
            "model": "furnitureengine:1x1_tables/dark_oak_table"
        },
        {
            "predicate": {
                "custom_model_data": 7
            },
            "model": "furnitureengine:1x1_tables/crimson_table"
        },
        {
            "predicate": {
                "custom_model_data": 8
            },
            "model": "furnitureengine:1x1_tables/warped_table"
        },
        {
            "predicate": {
                "custom_model_data": 9
            },
            "model": "furnitureengine:1x1_tables/coffee_table"
        },
        {
            "predicate": {
                "custom_model_data": 10
            },
            "model": "furnitureengine:1x1_chairs/oak_chair"
        },
        {
            "predicate": {
                "custom_model_data": 11
            },
            "model": "furnitureengine:1x1_chairs/spruce_chair"
        },
        {
            "predicate": {
                "custom_model_data": 12
            },
            "model": "furnitureengine:1x1_chairs/birch_chair"
        },
        {
            "predicate": {
                "custom_model_data": 13
            },
            "model": "furnitureengine:1x1_chairs/jungle_chair"
        },
        {
            "predicate": {
                "custom_model_data": 14
            },
            "model": "furnitureengine:1x1_chairs/acacia_chair"
        },
        {
            "predicate": {
                "custom_model_data": 15
            },
            "model": "furnitureengine:1x1_chairs/dark_oak_chair"
        },
        {
            "predicate": {
                "custom_model_data": 16
            },
            "model": "furnitureengine:1x1_chairs/crimson_chair"
        },
        {
            "predicate": {
                "custom_model_data": 17
            },
            "model": "furnitureengine:1x1_chairs/warped_chair"
        },
        {
            "predicate": {
                "custom_model_data": 18
            },
            "model": "furnitureengine:1x1_chairs/armchairs/white_armchair"
        },
        {
            "predicate": {
                "custom_model_data": 19
            },
            "model": "furnitureengine:1x1_chairs/armchairs/orange_armchair"
        },
        {
            "predicate": {
                "custom_model_data": 20
            },
            "model": "furnitureengine:1x1_chairs/armchairs/magenta_armchair"
        },
        {
            "predicate": {
                "custom_model_data": 21
            },
            "model": "furnitureengine:1x1_chairs/armchairs/light_blue_armchair"
        },
        {
            "predicate": {
                "custom_model_data": 22
            },
            "model": "furnitureengine:1x1_chairs/armchairs/yellow_armchair"
        },
        {
            "predicate": {
                "custom_model_data": 23
            },
            "model": "furnitureengine:1x1_chairs/armchairs/lime_armchair"
        },
        {
            "predicate": {
                "custom_model_data": 24
            },
            "model": "furnitureengine:1x1_chairs/armchairs/pink_armchair"
        },
        {
            "predicate": {
                "custom_model_data": 25
            },
            "model": "furnitureengine:1x1_chairs/armchairs/gray_armchair"
        },
        {
            "predicate": {
                "custom_model_data": 26
            },
            "model": "furnitureengine:1x1_chairs/armchairs/light_gray_armchair"
        },
        {
            "predicate": {
                "custom_model_data": 27
            },
            "model": "furnitureengine:1x1_chairs/armchairs/cyan_armchair"
        },
        {
            "predicate": {
                "custom_model_data": 28
            },
            "model": "furnitureengine:1x1_chairs/armchairs/purple_armchair"
        },
        {
            "predicate": {
                "custom_model_data": 29
            },
            "model": "furnitureengine:1x1_chairs/armchairs/blue_armchair"
        },
        {
            "predicate": {
                "custom_model_data": 30
            },
            "model": "furnitureengine:1x1_chairs/armchairs/brown_armchair"
        },
        {
            "predicate": {
                "custom_model_data": 31
            },
            "model": "furnitureengine:1x1_chairs/armchairs/green_armchair"
        },
        {
            "predicate": {
                "custom_model_data": 32
            },
            "model": "furnitureengine:1x1_chairs/armchairs/red_armchair"
        },
        {
            "predicate": {
                "custom_model_data": 33
            },
            "model": "furnitureengine:1x1_chairs/armchairs/black_armchair"
        },
        {
            "predicate": {
                "custom_model_data": 34
            },
            "model": "furnitureengine:1x1_desks/oak_desk"
        },
        {
            "predicate": {
                "custom_model_data": 35
            },
            "model": "furnitureengine:1x1_desks/spruce_desk"
        },
        {
            "predicate": {
                "custom_model_data": 36
            },
            "model": "furnitureengine:1x1_desks/birch_desk"
        },
        {
            "predicate": {
                "custom_model_data": 37
            },
            "model": "furnitureengine:1x1_desks/jungle_desk"
        },
        {
            "predicate": {
                "custom_model_data": 38
            },
            "model": "furnitureengine:1x1_desks/acacia_desk"
        },
        {
            "predicate": {
                "custom_model_data": 39
            },
            "model": "furnitureengine:1x1_desks/dark_oak_desk"
        },
        {
            "predicate": {
                "custom_model_data": 40
            },
            "model": "furnitureengine:1x1_desks/crimson_desk"
        },
        {
            "predicate": {
                "custom_model_data": 41
            },
            "model": "furnitureengine:1x1_desks/warped_desk"
        }
    ]
}