{
	"textures": {
		"1": "minecraft:block/black_wool",
		"2": "furnitureengine:stool"
	},
	"elements": [
		{
			"from": [2, 10, 2],
			"to": [14, 12, 14],
			"faces": {
				"north": {"uv": [0, 0, 12, 2], "texture": "#1"},
				"east": {"uv": [0, 0, 12, 2], "texture": "#1"},
				"south": {"uv": [0, 0, 12, 2], "texture": "#1"},
				"west": {"uv": [0, 0, 12, 2], "texture": "#1"},
				"up": {"uv": [0, 0, 12, 14], "texture": "#1"},
				"down": {"uv": [0, 0, 12, 14], "texture": "#1"}
			}
		},
		{
			"from": [2, 12, 12],
			"to": [14, 16, 14],
			"faces": {
				"north": {"uv": [0, 5, 12, 9], "texture": "#1"},
				"east": {"uv": [9, 1, 11, 5], "texture": "#1"},
				"south": {"uv": [0, 5, 12, 9], "texture": "#1"},
				"west": {"uv": [12, 1, 14, 5], "texture": "#1"},
				"up": {"uv": [0, 0, 12, 2], "texture": "#1"},
				"down": {"uv": [0, 14, 12, 16], "texture": "#1"}
			}
		},
		{
			"from": [3, 0, 3],
			"to": [13, 2, 13],
			"faces": {
				"north": {"uv": [0, 15, 5, 16], "texture": "#2"},
				"east": {"uv": [0, 15, 5, 16], "texture": "#2"},
				"south": {"uv": [0, 15, 5, 16], "texture": "#2"},
				"west": {"uv": [0, 15, 5, 16], "texture": "#2"},
				"up": {"uv": [0, 11, 5, 16], "texture": "#2"},
				"down": {"uv": [0, 11, 5, 16], "texture": "#2"}
			}
		},
		{
			"from": [4, 2, 4],
			"to": [12, 3, 12],
			"faces": {
				"north": {"uv": [5, 15.5, 9, 16], "texture": "#2"},
				"east": {"uv": [5, 15.5, 9, 16], "texture": "#2"},
				"south": {"uv": [5, 15.5, 9, 16], "texture": "#2"},
				"west": {"uv": [5, 15.5, 9, 16], "texture": "#2"},
				"up": {"uv": [5, 12, 9, 16], "texture": "#2"},
				"down": {"uv": [5, 12, 9, 16], "texture": "#2"}
			}
		},
		{
			"from": [7, 3, 7],
			"to": [9, 10, 9],
			"faces": {
				"north": {"uv": [0, 0, 1, 3.5], "texture": "#2"},
				"east": {"uv": [1, 0, 2, 3.5], "texture": "#2"},
				"south": {"uv": [2, 0, 3, 3.5], "texture": "#2"},
				"west": {"uv": [3, 0, 4, 3.5], "texture": "#2"},
				"up": {"uv": [0, 0, 2, 2], "texture": "#2"},
				"down": {"uv": [0, 0, 2, 2], "texture": "#2"}
			}
		}
	],
	"display": {
		"thirdperson_righthand": {
			"scale": [0.2, 0.2, 0.2]
		},
		"thirdperson_lefthand": {
			"scale": [0.2, 0.2, 0.2]
		},
		"firstperson_righthand": {
			"scale": [0.3, 0.3, 0.3]
		},
		"firstperson_lefthand": {
			"scale": [0.3, 0.3, 0.3]
		},
		"ground": {
			"scale": [0.3, 0.3, 0.3]
		},
		"gui": {
			"rotation": [30, 148, 0],
			"translation": [0, -2.5, 0],
			"scale": [0.4, 0.4, 0.4]
		},
		"fixed": {
			"rotation": [-90, 0, 0],
			"translation": [0, 0, 18],
			"scale": [2, 2, 2]
		}
	}
}